{"cameraMode":{"drawMode":0,"name":"Shaded","section":"Shading Mode"},"sceneLighting":false,"audioPlay":false,"sceneViewState":{"showFog":true,"showMaterialUpdate":false,"showSkybox":false,"showFlares":true,"showImageEffects":true,"showParticleSystems":true},"in2DMode":false,"pivot":{"x":0.33508482575416567,"y":0.06776958703994751,"z":0.005000114440917969},"rotation":{"x":-0.1816534698009491,"y":-0.0819183960556984,"z":0.015174484811723233,"w":-0.9798271656036377},"size":5.909665107727051,"orthographic":false}