{"cameraMode":{"drawMode":0,"name":"Shaded","section":"Shading Mode"},"sceneLighting":false,"audioPlay":false,"sceneViewState":{"showFog":true,"showMaterialUpdate":false,"showSkybox":false,"showFlares":true,"showImageEffects":true,"showParticleSystems":true},"in2DMode":false,"pivot":{"x":-41.77677536010742,"y":7.699999809265137,"z":-20.235986709594728},"rotation":{"x":-0.19804330170154572,"y":-0.0655464231967926,"z":0.013232056051492691,"w":-0.9779097437858582},"size":12.751873970031739,"orthographic":false}