{"cameraMode":{"drawMode":0,"name":"Shaded","section":"Shading Mode"},"sceneLighting":false,"audioPlay":false,"sceneViewState":{"showFog":true,"showMaterialUpdate":false,"showSkybox":false,"showFlares":true,"showImageEffects":true,"showParticleSystems":true},"in2DMode":false,"pivot":{"x":-5.300000190734863,"y":12.432000160217286,"z":49.900001525878909},"rotation":{"x":-0.19804330170154572,"y":-0.0655464231967926,"z":0.013232056051492691,"w":-0.9779097437858582},"size":9.663787841796875,"orthographic":false}